"SimEsiExpIDSimulazione"|"SimEsiExpDataSimulazione"|"SimEsiExpNumeroOrdine"|"SimEsiExpDataOrdine"|"SimEsiExpRigaOrdine"|"SimEsiExpRichArtCodice"|"SimEsiExpRichArtDescrizione"|"SimEsiExpRichQtaRichiesta"|"SimEsiExpRichQtaImpegnata"
"0000000532"|"20170811"|"#35402"|"20170810"|"0000000001"|"RBGIFT50"|"RocketBaby-GiftCard da 50�"|"0000000001"|"0000000000"
"0000000532"|"20170811"|"#35357"|"20170810"|"0000000001"|"RB3A010023"|"CHILDHOME-CCFOL-Portaoggetti Multitasche Grigio e Lime"|"0000000001"|"0000000000"
"0000000532"|"20170811"|"#35363"|"20170810"|"0000000001"|"RBGIFT50"|"RocketBaby-GiftCard da 50�"|"0000000001"|"0000000000"
"0000000532"|"20170811"|"#35398"|"20170810"|"0000000002"|"RB3A018243"|"CHILDHOME-MBSR-CESTA PORTABEBE' IN VIMINI"|"0000000001"|"0000000000"
"0000000532"|"20170811"|"#35398"|"20170810"|"0000000001"|"RB3A018241"|"CHILDHOME-CCMBCJG-RIVESTIMENTO PER CESTA PORTABEBE' - JERSEY GREY"|"0000000001"|"0000000000"
"0000000532"|"20170811"|"#34855B"|"20170810"|"0000000001"|"RB3A010339"|"A LITTLE LOVELY COMPANY-GALE002-Striscione con Lettere Pastello"|"0000000001"|"0000000000"
"0000000532"|"20170811"|"#34477B"|"20170810"|"0000000001"|"RB3A021197"|"STICKY BELLIES-315-Adesivi Kaleidescope Cutie Girls"|"0000000001"|"0000000000"
"0000000532"|"20170811"|"#34509B"|"20170810"|"0000000001"|"RB3A021197"|"STICKY BELLIES-315-Adesivi Kaleidescope Cutie Girls"|"0000000001"|"0000000000"
"0000000532"|"20170811"|"#34420B"|"20170810"|"0000000001"|"RB3A018993"|"TOBY TIGER-HASURBWHALE-Toby Tiger Cappellino per il Sole Balene-XS"|"0000000001"|"0000000000"
"0000000532"|"20170811"|"#34069B"|"20170810"|"0000000001"|"RB3A014576"|"TOBY TIGER-PJTCLOUD-Pigiama Nuvole 1-2 anni"|"0000000001"|"0000000000"
"0000000532"|"20170811"|"#34069B"|"20170810"|"0000000002"|"RB3A014586"|"TOBY TIGER-PJTSHEEP-Pigiama Pecorelle 1-2 anni"|"0000000001"|"0000000000"
"0000000532"|"20170811"|"#34478B"|"20170810"|"0000000002"|"RB3A011636"|"BIG MOUTH-BMBTDO-Telo da mare XXL Ciambella alla Fragola"|"0000000001"|"0000000000"
"0000000532"|"20170811"|"#34841B"|"20170810"|"0000000005"|"RB3A019651"|"FUNKIT WORLD-SBU-03-Funkit World Secchiello da Spiaggia in Silicone Verde"|"0000000001"|"0000000000"
"0000000532"|"20170811"|"#34841B"|"20170810"|"0000000003"|"RB3A019660"|"FUNKIT WORLD-SBB-62-Funkit World Borsa da Spiaggia in Silicone Viola"|"0000000001"|"0000000000"
"0000000532"|"20170811"|"#32879B"|"20170810"|"0000000001"|"RB3A021135"|"BUGGYGEAR-BHRTHKRED-HEART SHAPED STROLLER HOOK - SILVER/RED"|"0000000001"|"0000000000"
"0000000532"|"20170811"|"#35324"|"20170809"|"0000000001"|"RBGIFT50"|"RocketBaby-GiftCard da 50�"|"0000000001"|"0000000000"
"0000000532"|"20170811"|"#35352"|"20170809"|"0000000001"|"RB3A020839"|"BABYCAR-305v-Moto Cross Verde"|"0000000001"|"0000000000"
"0000000532"|"20170811"|"#34844E"|"20170809"|"0000000001"|"RB3A020849"|"BELTA BIOS-ECO-BEL45274-Bagno Shampoo Baby"|"0000000001"|"0000000000"
"0000000532"|"20170811"|"#35133E"|"20170809"|"0000000001"|"RB3A010086"|"CHILDHOME-CCASCOP-Cuscinetto Universale Angioletto Rosa"|"0000000001"|"0000000000"
"0000000532"|"20170811"|"#35133E"|"20170809"|"0000000001"|"RB3A016831"|"NOPPIES-9048206-Reggiseno Allattamento Nero C85"|"0000000001"|"0000000000"
"0000000532"|"20170811"|"#35133E"|"20170809"|"0000000001"|"RB3A016864"|"NOPPIES-90482C018-Reggiseno Allattamento Nude C85"|"0000000001"|"0000000000"
"0000000532"|"20170811"|"#35042E"|"20170809"|"0000000001"|"RB3A020990"|"MINILAND-89139-Borsa isotermica con 2 Contenitori Ermetici Rosa"|"0000000001"|"0000000000"
"0000000532"|"20170811"|"#35042E"|"20170809"|"0000000001"|"RB3A020988"|"MINILAND-89153-Thermos per Pappe e Bevande con Contenitori Ermetici Rosa"|"0000000001"|"0000000000"
"0000000532"|"20170811"|"#35187E"|"20170809"|"0000000001"|"RB3A021033"|"I PLAY-IP-721159-639-47-Costumino Assorbente Mix'n Match Tartarughe-2-3 Anni"|"0000000001"|"0000000000"
"0000000532"|"20170811"|"#35012E"|"20170809"|"0000000001"|"RB3A009989"|"CHILDHOME-CCCB30GS-Cesto Contenitore Stella Grigio 20x40x30"|"0000000001"|"0000000000"
"0000000532"|"20170811"|"#34956E"|"20170809"|"0000000001"|"RB2000K0-NE-18_24M-CO"|"LIMOBASICS-10669S_NEG_86-92-Felpa con Cappuccio"|"0000000001"|"0000000000"
"0000000532"|"20170811"|"#35267E"|"20170809"|"0000000001"|"RB3A010114"|"ELODIE DETAILS-103313-Copertina Bambu Colori del Vento"|"0000000001"|"0000000000"
"0000000532"|"20170811"|"#35180E"|"20170809"|"0000000001"|"RB3A018239"|"CHILDHOME-CCMBCJP-RIVESTIMENTO PER CESTA PORTABEBE' - JERSEY PINK"|"0000000001"|"0000000000"
"0000000532"|"20170811"|"#35180E"|"20170809"|"0000000001"|"RB3A019469"|"DONE BY DEER-20560-Nido della Tenerezza Grigio"|"0000000001"|"0000000000"
"0000000532"|"20170811"|"#35180E"|"20170809"|"0000000001"|"RB3A013042"|"BAMBOOM-104-047-031-STAR TO HUG NEW VINTAGE with soother loop BIANCO"|"0000000001"|"0000000000"
"0000000532"|"20170811"|"#35180E"|"20170809"|"0000000001"|"RB3A018219"|"CHILDHOME-CHSBCKTR23-CESTO CONTENITORE LITTLE TREASURES"|"0000000001"|"0000000000"
"0000000532"|"20170811"|"#34887E"|"20170809"|"0000000001"|"RB3A019473"|"DONE BY DEER-40622-Palestrina Gioco Blu"|"0000000001"|"0000000000"
"0000000532"|"20170811"|"#35217E"|"20170809"|"0000000001"|"RB3A014506"|"TOBY TIGER-SNOWHOG-Tuta Da Sci Riccio 12-18 mesi"|"0000000001"|"0000000000"
"0000000532"|"20170811"|"#35279E"|"20170809"|"0000000001"|"RB3A009730"|"HOBEA-4260329478713-Cuscino da allattamento Blu con Gufetti"|"0000000001"|"0000000000"
"0000000532"|"20170811"|"#35279E"|"20170809"|"0000000001"|"RB2000K5-BN-67-CO"|"LIMOBASICS-10543J_AZM-Paracolpi"|"0000000001"|"0000000000"
"0000000532"|"20170811"|"#35211E"|"20170809"|"0000000001"|"RB3A020360"|"IGOR SHOES-S10146-046-Sandali Bondi Bicolor Fucsia e Acquamarina-20"|"0000000001"|"0000000000"
"0000000532"|"20170811"|"#35211E"|"20170809"|"0000000001"|"RB3A021051"|"I PLAY-IP-711159-202-47-Costumino Assorbente Mix'n Match Colibrì-2-3 Anni"|"0000000001"|"0000000000"
"0000000532"|"20170811"|"#35211E"|"20170809"|"0000000001"|"RB3A021032"|"I PLAY-IP-721159-639-45-Costumino Assorbente Mix'n Match Tartarughe-18-24 Mesi"|"0000000001"|"0000000000"
"0000000532"|"20170811"|"#35211E"|"20170809"|"0000000001"|"RB3A021027"|"I PLAY-IP-721200-200-45-Costumino Assorbente Mix'n Match Fucsia-18-24 Mesi"|"0000000001"|"0000000000"
"0000000532"|"20170811"|"#35286E"|"20170809"|"0000000001"|"RB3A010119"|"ELODIE DETAILS-103783-Materassino da Passeggino Colori del Vento"|"0000000001"|"0000000000"
"0000000532"|"20170811"|"#35176E"|"20170809"|"0000000001"|"RB3A020077"|"IGOR SHOES-S10107-073-Sandali da Spiaggia Tenis Fucsia-21"|"0000000001"|"0000000000"
"0000000532"|"20170811"|"#35176E"|"20170809"|"0000000001"|"RB3A021142"|"CHILDHOME-CHSBDLW-Set 3 Chiudi Ante con Kit Intallazione"|"0000000001"|"0000000000"
"0000000532"|"20170811"|"#35176E"|"20170809"|"0000000002"|"RB3A021141"|"CHILDHOME-CHSBMLW-Chiudi Ante Bianco"|"0000000002"|"0000000000"
"0000000532"|"20170811"|"#34954E"|"20170809"|"0000000001"|"RB3A020989"|"MINILAND-89072-Borsa isotermica con 2 Contenitori Ermetici Blu"|"0000000001"|"0000000000"
"0000000532"|"20170811"|"#34871E"|"20170809"|"0000000001"|"RB3A020990"|"MINILAND-89139-Borsa isotermica con 2 Contenitori Ermetici Rosa"|"0000000001"|"0000000000"
"0000000532"|"20170811"|"#34980E"|"20170809"|"0000000001"|"RB3A018668"|"LOLLIPOPS AND MORE-2952349927204-Lollipops and More Jelly Belly Bracelet Snow"|"0000000001"|"0000000000"
"0000000532"|"20170811"|"#35028E"|"20170809"|"0000000001"|"RB3A018210"|"ELODIE DETAILS-103924-GIOCATTOLO MUSICALE ACCHIAPPASOGNI"|"0000000001"|"0000000000"
"0000000532"|"20170811"|"#35207E"|"20170809"|"0000000001"|"RB3A020990"|"MINILAND-89139-Borsa isotermica con 2 Contenitori Ermetici Rosa"|"0000000001"|"0000000000"
"0000000532"|"20170811"|"#34960E"|"20170809"|"0000000001"|"RB3A019469"|"DONE BY DEER-20560-Nido della Tenerezza Grigio"|"0000000001"|"0000000000"
"0000000532"|"20170811"|"#34984E"|"20170809"|"0000000001"|"RB3A018566"|"LIMOBASICS-54526R_MAG_62-68-Pagliaccetto Limobasics Porpora-62-68 cm"|"0000000001"|"0000000000"
"0000000532"|"20170811"|"#35062E"|"20170809"|"0000000001"|"RB3A009985"|"CHILDHOME-CCCB20GS-Cesto Contenitore Stella Grigio 32x20x20"|"0000000001"|"0000000000"
"0000000532"|"20170811"|"#35062E"|"20170809"|"0000000001"|"RB3A009989"|"CHILDHOME-CCCB30GS-Cesto Contenitore Stella Grigio 20x40x30"|"0000000001"|"0000000000"
"0000000532"|"20170811"|"#35062E"|"20170809"|"0000000001"|"RB3A010161"|"CHILDHOME-CCCOTWHPMG-Coprifasciatoio Grigio Chiaro"|"0000000001"|"0000000000"
"0000000532"|"20170811"|"#35185E"|"20170809"|"0000000001"|"RB3A021058"|"ZOLI-ZL-KS12RFBU01-Ciondolo catarifrangente di sicurezza Rabby"|"0000000001"|"0000000000"
"0000000532"|"20170811"|"#34868E"|"20170809"|"0000000001"|"RB3A020109"|"IGOR SHOES-S10107-083-Sandali da Spiaggia Tenis Azzurro-21"|"0000000001"|"0000000000"
"0000000532"|"20170811"|"#34926E"|"20170809"|"0000000001"|"RB3A019998"|"IGOR SHOES-S10108-017-Sandali da Spiaggia Cholo Grigio-19"|"0000000001"|"0000000000"
"0000000532"|"20170811"|"#35231E"|"20170809"|"0000000001"|"RB3A018840"|"NOPPIES-74344_C166-Noppies Salopette a Righe Blu Navy e Grigio con Body Baby-56 cm"|"0000000001"|"0000000000"
"0000000532"|"20170811"|"#35006E"|"20170809"|"0000000001"|"RB3A014975"|"MINILAND-89070-WARMY TRAVEL"|"0000000001"|"0000000000"
"0000000532"|"20170811"|"#35257E"|"20170809"|"0000000001"|"RB3A020341"|"IGOR SHOES-S10146-032-Sandali Bondi Bicolor Navy e Verde-18"|"0000000001"|"0000000000"
"0000000532"|"20170811"|"#35298E"|"20170809"|"0000000001"|"RB3A020914"|"OLI AND CAROL-DSM-M-PAPERA SMALL MONOCROME MENTA"|"0000000001"|"0000000000"
"0000000532"|"20170811"|"#35101E"|"20170809"|"0000000001"|"RB3A018650"|"LOLLIPOPS AND MORE-2952349926962-Lollipops and More Rainbow Loom Necklace Chartreuse"|"0000000001"|"0000000000"
"0000000532"|"20170811"|"#35293E"|"20170809"|"0000000001"|"RB3A010836"|"CHILDHOME-CHSBF-Set Pappa Fucsia e Bianco"|"0000000001"|"0000000000"
"0000000532"|"20170811"|"#34543E"|"20170809"|"0000000001"|"RB3A018667"|"LOLLIPOPS AND MORE-2952349927679-Lollipops and More Pacifier Star Dust Clip Pastel Pink"|"0000000001"|"0000000000"
"0000000532"|"20170811"|"#35254E"|"20170809"|"0000000001"|"RB3A014496"|"TOBY TIGER-SLAOTIG-Pigiamino lungo a righe Tigrotto 6-12 mesi"|"0000000001"|"0000000000"
"0000000532"|"20170811"|"#35254E"|"20170809"|"0000000001"|"RB3A014490"|"TOBY TIGER-SLABEAR-Pigiamino lungo a righe Orsetto 6-12 mesi"|"0000000001"|"0000000000"
"0000000532"|"20170811"|"#35260"|"20170808"|"0000000001"|"RB3A021330"|"FOLLOW KIDS-8058333230009_BLU-Bracciale GPS Blu"|"0000000001"|"0000000000"
"0000000532"|"20170811"|"#35268"|"20170808"|"0000000001"|"RB3A017388"|"BABYBREZZA-FRP0045EU-Macchinetta Del Latte In Polvere"|"0000000001"|"0000000000"
"0000000532"|"20170811"|"#32879A"|"20170808"|"0000000001"|"RB3A020975"|"BUGGYGEAR-NI-BHRTHKRED-HEART SHAPED STROLLER HOOK - SILVER/RED"|"0000000001"|"0000000000"
"0000000532"|"20170811"|"#35227"|"20170807"|"0000000001"|"RB3A010374"|"BABYCAR-99852R-AUDI A3 ROSSA"|"0000000001"|"0000000000"
"0000000532"|"20170811"|"#35238"|"20170807"|"0000000001"|"RB3A009901"|"A LITTLE LOVELY COMPANY-LTCW025-Lampada Mini Nuvoletta Bianca"|"0000000001"|"0000000000"
"0000000532"|"20170811"|"#35219"|"20170807"|"0000000001"|"RB3A019785"|"OLI AND CAROL-VTAN-SH-ANIMALI VINTAGE CAVALLUCCIO MARINO"|"0000000001"|"0000000000"
"0000000532"|"20170811"|"#35212"|"20170807"|"0000000001"|"RB3A021137"|"CHILDHOME-VHSUW-Cancelletto in Metallo Bianco 75-110 cm"|"0000000001"|"0000000000"
"0000000532"|"20170811"|"#35247"|"20170807"|"0000000001"|"RB3A010040"|"CHILDHOME-CWRSMB-Dondolo a forma di Vespa Blu Menta"|"0000000001"|"0000000000"
"0000000532"|"20170811"|"#35239"|"20170807"|"0000000001"|"RBGIFT100"|"RocketBaby-GiftCard da 100�"|"0000000001"|"0000000000"
"0000000532"|"20170811"|"#35174"|"20170806"|"0000000002"|"RB3A011148"|"LIMOBASICS-09509R_SMO_74-80-Culotte a righe Verde 74 80 cm"|"0000000001"|"0000000000"
"0000000532"|"20170811"|"#35174"|"20170806"|"0000000001"|"RB3A011140"|"LIMOBASICS-09509R_SMA_74-80-Culotte a righe Rosa 74 80 cm"|"0000000001"|"0000000000"
"0000000532"|"20170811"|"#35173"|"20170806"|"0000000001"|"RB3A016502"|"KANGA CARE-KCKRLLNZSXSM404-Set 2 Mutandine Di Transizione Destiny e Unity S"|"0000000001"|"0000000000"
"0000000532"|"20170811"|"#35079"|"20170806"|"0000000001"|"RB3A009988"|"CHILDHOME-CCCB20PW-Cesto Contenitore Stella Rosa 32x20x20"|"0000000001"|"0000000000"
"0000000532"|"20170811"|"#35105"|"20170806"|"0000000001"|"RB3A017534"|"LILIPUTI-2006004020141-Stretchy Wrap Feather"|"0000000001"|"0000000000"
"0000000532"|"20170811"|"#35124"|"20170806"|"0000000001"|"RB3A020003"|"IGOR SHOES-S10108-017-Sandali da Spiaggia Cholo Grigio-24"|"0000000001"|"0000000000"
"0000000532"|"20170811"|"#35134"|"20170806"|"0000000001"|"RB3A020018"|"IGOR SHOES-S10108-090-Sandali da Spiaggia Cholo Rosa-21"|"0000000001"|"0000000000"
"0000000532"|"20170811"|"#35104"|"20170806"|"0000000001"|"RB3A014975"|"MINILAND-89070-WARMY TRAVEL"|"0000000001"|"0000000000"
"0000000532"|"20170811"|"#35093"|"20170806"|"0000000001"|"RB3A017528"|"LILIPUTI-2006003010006-Marsupio Mei Tai Lavendering"|"0000000001"|"0000000000"
"0000000532"|"20170811"|"#35063"|"20170804"|"0000000001"|"RB3A009982"|"CHILDHOME-CCCB60DB-Cesto Contenitore Stella Blu scuro 60x32x32"|"0000000002"|"0000000000"
"0000000532"|"20170811"|"#35005"|"20170803"|"0000000001"|"RB3A020988"|"MINILAND-89153-Thermos per Pappe e Bevande con Contenitori Ermetici Rosa"|"0000000001"|"0000000000"
"0000000532"|"20170811"|"#34927"|"20170802"|"0000000001"|"RB3A021195"|"STICKY BELLIES-302-Adesivi Oh Sew Ready Maternity"|"0000000001"|"0000000000"
"0000000532"|"20170811"|"#34922"|"20170802"|"0000000001"|"RB3A020988"|"MINILAND-89153-Thermos per Pappe e Bevande con Contenitori Ermetici Rosa"|"0000000001"|"0000000000"
"0000000532"|"20170811"|"#34910"|"20170802"|"0000000001"|"RB3A020113"|"IGOR SHOES-S10107-083-Sandali da Spiaggia Tenis Azzurro-25"|"0000000001"|"0000000000"
"0000000532"|"20170811"|"#34886"|"20170801"|"0000000001"|"RB3A014975"|"MINILAND-89070-WARMY TRAVEL"|"0000000001"|"0000000000"
"0000000532"|"20170811"|"#33878B"|"20170726"|"0000000001"|"RB3A019836"|"SKIP HOP-232104-Zoo Bib -GUFO"|"0000000001"|"0000000000"
"0000000532"|"20170811"|"#34377"|"20170723"|"0000000005"|"RB3A019696"|"REAL SHADES-RK-4SKYRYL-Occhiali da Sole Baby Sky Royal Blue-4+"|"0000000001"|"0000000000"
"0000000532"|"20170811"|"#34385"|"20170723"|"0000000003"|"RB3A018667"|"LOLLIPOPS AND MORE-2952349927679-Lollipops and More Pacifier Star Dust Clip Pastel Pink"|"0000000001"|"0000000000"
"0000000532"|"20170811"|"#34331"|"20170723"|"0000000001"|"RB3A018832"|"NOPPIES-74344_C132-Noppies Salopette a Righe Azzurro e Grigio con Body Baby-50 cm"|"0000000001"|"0000000000"
"0000000532"|"20170811"|"#34117"|"20170719"|"0000000004"|"RB3A013061"|"BAMBOOM-104-108-020-BAGNO DUO MUSLIN Hooded towel + wash glove BAMBOOM-0"|"0000000001"|"0000000000"
"0000000532"|"20170811"|"#33902"|"20170717"|"0000000002"|"RB3A019439"|"EFFII-5901832942801-Effii Telo Mare e Tappeto 2 in 1 Grande con Cuori Rosa"|"0000000001"|"0000000000"
"0000000532"|"20170811"|"#33986"|"20170717"|"0000000001"|"RB3A020864"|"LA MILLOU PARENTS PRIDE-HAT-G-WM-Cappellino da Sole Regolabile Balena Bianca"|"0000000001"|"0000000000"
"0000000532"|"20170811"|"#33403"|"20170709"|"0000000001"|"RB3A017521"|"LILIPUTI-2006002020174-Marsupio Rainbow Line Baffi"|"0000000001"|"0000000000"
"0000000532"|"20170811"|"#33156"|"20170705"|"0000000001"|"RB3A020519"|"MIAMI KIDS-D0734-1_PINK-Scarpe Soft Sole Baby Bianche e Rosa-6-9 Mesi"|"0000000001"|"0000000000"
"0000000532"|"20170811"|"#32922"|"20170703"|"0000000001"|"RB3A012393"|"ZOLI-ZL-BF10PP0301-SUMO Snack Dispenser tre colori"|"0000000001"|"0000000000"
"0000000532"|"20170811"|"#32613"|"20170627"|"0000000004"|"RB3A019631"|"I PLAY-721054-642-42-Iplay Costumino Pannolino Contenitivo Mix'n Match Royal Viking Sea-6 Mesi"|"0000000001"|"0000000000"
"0000000532"|"20170811"|"#32614"|"20170627"|"0000000004"|"RB3A019632"|"I PLAY-721054-642-43-Iplay Costumino Pannolino Contenitivo Mix'n Match Royal Viking Sea-12 Mesi"|"0000000001"|"0000000000"
"0000000532"|"20170811"|"#32473"|"20170625"|"0000000001"|"RB3A019632"|"I PLAY-721054-642-43-Iplay Costumino Pannolino Contenitivo Mix'n Match Royal Viking Sea-12 Mesi"|"0000000001"|"0000000000"
"0000000532"|"20170811"|"#32366"|"20170623"|"0000000003"|"RB3A016498"|"KANGA CARE-KCKRLLNZSXSM405-Set 2 Mutandine Di Transizione Clyde e Roozy M"|"0000000001"|"0000000000"
"0000000532"|"20170811"|"#32121"|"20170619"|"0000000001"|"RB3A019843"|"SKIP HOP-235103-Moby Rinser Bricco Sciacquabimbo - COLORE UNICO"|"0000000001"|"0000000000"
"0000000532"|"20170811"|"#31982"|"20170619"|"0000000003"|"RB3A010542"|"KUK-FS325-03-Body Manica corta Balena Blu 0-3 mesi"|"0000000001"|"0000000000"
"0000000532"|"20170811"|"#32001"|"20170619"|"0000000003"|"RB3A020033"|"IGOR SHOES-S10168-046-Sandali da Spiaggia Minnie-18"|"0000000001"|"0000000000"
"0000000532"|"20170811"|"#31896"|"20170616"|"0000000001"|"RB3A020083"|"IGOR SHOES-S10107-073-Sandali da Spiaggia Tenis Fucsia-27"|"0000000001"|"0000000000"
"0000000532"|"20170811"|"#31268"|"20170608"|"0000000002"|"RB3A020771"|"DUUKIES BEACH SOCKS-KL-32-33-Calze in Neoprene Keet Leopard-32-33"|"0000000001"|"0000000000"
"0000000532"|"20170811"|"#31148"|"20170607"|"0000000006"|"RB3A019617"|"I PLAY-711054-215-43-Iplay Costumino Pannolino Contenitivo Mix'n Match  Cabana Geo-12 Mesi"|"0000000001"|"0000000000"
"0000000532"|"20170811"|"#27130A"|"20170606"|"0000000001"|"RB200062"|"ELODIE DETAILS-103413-Bavaglino Graphic Grace"|"0000000001"|"0000000000"
"0000000532"|"20170811"|"#27042A"|"20170606"|"0000000001"|"RB3A014437"|"TOBY TIGER-LSABEAR-Maglia Maniche Lunghe Orsetto 2-3 anni"|"0000000001"|"0000000000"
"0000000532"|"20170811"|"#30893"|"20170604"|"0000000003"|"RB3A020771"|"DUUKIES BEACH SOCKS-KL-32-33-Calze in Neoprene Keet Leopard-32-33"|"0000000001"|"0000000000"
"0000000532"|"20170811"|"#30568"|"20170530"|"0000000001"|"RB3A020775"|"DUUKIES BEACH SOCKS-LIC-24-25-Calze in Neoprene Lolly Icecream-24-25"|"0000000001"|"0000000000"
"0000000532"|"20170811"|"#30627"|"20170530"|"0000000008"|"RB3A020766"|"DUUKIES BEACH SOCKS-KL-22-23-Calze in Neoprene Keet Leopard-22-23"|"0000000001"|"0000000000"
"0000000532"|"20170811"|"#30298"|"20170525"|"0000000001"|"RB3A019633"|"I PLAY-721054-642-44-Iplay Costumino Pannolino Contenitivo Mix'n Match Royal Viking Sea-18 Mesi"|"0000000001"|"0000000000"
"0000000532"|"20170811"|"#29356"|"20170511"|"0000000004"|"RB3A019689"|"REAL SHADES-RK-2SKYNGR-Occhiali da Sole Baby Sky Neon Green-2+"|"0000000001"|"0000000000"
"0000000532"|"20170811"|"#25522"|"20170228"|"0000000003"|"RB3A017946"|"SUPERGA-S003P20DSN-SCARPE DISNEY PISOLO-19"|"0000000001"|"0000000000"
"0000000532"|"20170811"|"#25425"|"20170228"|"0000000001"|"RB3A017987"|"SUPERGA-S003NC0DSN-SCARPE DISNEY MINNIE-32"|"0000000001"|"0000000000"
"0000000532"|"20170811"|"#25341"|"20170223"|"0000000001"|"RB3A017988"|"SUPERGA-S003NC0DSN-SCARPE DISNEY MINNIE-33"|"0000000001"|"0000000000"
"0000000532"|"20170811"|"#25356"|"20170223"|"0000000002"|"RB3A017987"|"SUPERGA-S003NC0DSN-SCARPE DISNEY MINNIE-32"|"0000000001"|"0000000000"
"0000000532"|"20170811"|"#25308"|"20170222"|"0000000001"|"RB3A017921"|"SUPERGA-S003P40DSN-SCARPE DISNEY CUCCIOLO-28"|"0000000001"|"0000000000"
"0000000532"|"20170811"|"#35361"|"20170810"|"0000000001"|"RB3A013054"|"A LITTLE LOVELY COMPANY-LTMO028-Lampada Mini Luna"|"0000000001"|"0000000000"
"0000000532"|"20170811"|"#35361"|"20170810"|"0000000003"|"RB3A009901"|"A LITTLE LOVELY COMPANY-LTCW025-Lampada Mini Nuvoletta Bianca"|"0000000001"|"0000000000"
"0000000532"|"20170811"|"#35403"|"20170810"|"0000000004"|"RB3A017468"|"EFFII-5901832942856-Cuffia Neonato Grigia Con Pois Bianchi 1-3 mesi"|"0000000001"|"0000000000"
"0000000532"|"20170811"|"#35403"|"20170810"|"0000000001"|"RB3A009828"|"HOBEA-4260329478959-Copertura ricambio Rosa con Gufi per Cuscino allattamento"|"0000000001"|"0000000000"
"0000000532"|"20170811"|"#35403"|"20170810"|"0000000002"|"RB3A009730"|"HOBEA-4260329478713-Cuscino da allattamento Blu con Gufetti"|"0000000001"|"0000000000"
"0000000532"|"20170811"|"#35374"|"20170810"|"0000000001"|"RB20004C"|"ELODIE DETAILS-103776-Materassino da Passeggino Black Edition"|"0000000001"|"0000000000"
"0000000532"|"20170811"|"#35374"|"20170810"|"0000000005"|"RB3A009249"|"KUK-F420-25-Accappatoio Balena Blu"|"0000000001"|"0000000000"
"0000000532"|"20170811"|"#35353"|"20170810"|"0000000002"|"RB3A018742"|"LOLLIPOPS AND MORE-2952349927617-Lollipops and More Pacifier Bonbons Clip Yellow"|"0000000001"|"0000000000"
"0000000532"|"20170811"|"#35353"|"20170810"|"0000000010"|"RB3A021135"|"BUGGYGEAR-BHRTHKRED-HEART SHAPED STROLLER HOOK - SILVER/RED"|"0000000002"|"0000000000"
"0000000532"|"20170811"|"#35395"|"20170810"|"0000000002"|"RB3A019652"|"FUNKIT WORLD-SBU-05-Funkit World Secchiello da Spiaggia in Silicone Rosa"|"0000000001"|"0000000000"
"0000000532"|"20170811"|"#35393"|"20170810"|"0000000002"|"RB3A013439"|"ELODIE DETAILS-103663-Trousse ZipeGo Marble Grey"|"0000000001"|"0000000000"
"0000000532"|"20170811"|"#35362"|"20170810"|"0000000001"|"RB3A021135"|"BUGGYGEAR-BHRTHKRED-HEART SHAPED STROLLER HOOK - SILVER/RED"|"0000000001"|"0000000000"
"0000000532"|"20170811"|"#35369"|"20170810"|"0000000006"|"RB3A021267"|"INNOBABY-IN-SIL-FISH01-Spazzola Pesce per Bagno Blu"|"0000000001"|"0000000000"
"0000000532"|"20170811"|"#35365"|"20170810"|"0000000001"|"RB3A010339"|"A LITTLE LOVELY COMPANY-GALE002-Striscione con Lettere Pastello"|"0000000001"|"0000000000"
"0000000532"|"20170811"|"#35401"|"20170810"|"0000000006"|"RB3A021135"|"BUGGYGEAR-BHRTHKRED-HEART SHAPED STROLLER HOOK - SILVER/RED"|"0000000002"|"0000000000"
"0000000532"|"20170811"|"#35359"|"20170810"|"0000000004"|"RB3A009638"|"HOBEA-4260329477020-Babbucce Tartaruga 12-18 Mesi"|"0000000001"|"0000000000"
"0000000532"|"20170811"|"#35035A"|"20170810"|"0000000002"|"RB3A021135"|"BUGGYGEAR-BHRTHKRED-HEART SHAPED STROLLER HOOK - SILVER/RED"|"0000000001"|"0000000000"
"0000000532"|"20170811"|"#34451A"|"20170809"|"0000000011"|"RB3A018962"|"NOPPIES-74346_C140-Noppies Cappello da Sole Blu con Squali Baby-0-3 Mesi"|"0000000001"|"0000000000"
"0000000532"|"20170811"|"#34451A"|"20170809"|"0000000005"|"RB3A010618"|"KUK-FT300-06-Pantaloni Bianchi 3-6 mesi"|"0000000001"|"0000000000"
"0000000532"|"20170811"|"#34451A"|"20170809"|"0000000007"|"RB3A017869"|"CHILDHOME-CHBTUB-BABY TUB BUCKET BLUE"|"0000000001"|"0000000000"
"0000000532"|"20170811"|"#34451A"|"20170809"|"0000000009"|"RB3A018316"|"KUK-FT314-06-Pantaloni Azzurro Ceruleo-3-6 Mesi"|"0000000001"|"0000000000"
"0000000532"|"20170811"|"#34451A"|"20170809"|"0000000004"|"RB3A010608"|"KUK-FC646-06-Cardigan Amici del bosco Verde 3-6 mesi"|"0000000001"|"0000000000"
"0000000532"|"20170811"|"#34451A"|"20170809"|"0000000010"|"RB3A018803"|"NOPPIES-74331_C140-Noppies Pantalone Fai Blu Baby-62 cm"|"0000000001"|"0000000000"
"0000000532"|"20170811"|"#34451A"|"20170809"|"0000000003"|"RB3A010600"|"KUK-FC618-06-Cardigan Volpe Blu 3-6 mesi"|"0000000001"|"0000000000"
"0000000532"|"20170811"|"#34451A"|"20170809"|"0000000001"|"RB2000JV-DE-M2-CO"|"LIMOBASICS-09520R_DEN_62-Body Kimono a Manica Corta"|"0000000001"|"0000000000"
"0000000532"|"20170811"|"#34451A"|"20170809"|"0000000012"|"RB3A020114"|"IGOR SHOES-S10107-083-Sandali da Spiaggia Tenis Azzurro-26"|"0000000001"|"0000000000"
"0000000532"|"20170811"|"#35351"|"20170809"|"0000000002"|"RB3A009901"|"A LITTLE LOVELY COMPANY-LTCW025-Lampada Mini Nuvoletta Bianca"|"0000000001"|"0000000000"
"0000000532"|"20170811"|"#35351"|"20170809"|"0000000001"|"RB3A015063"|"TOBY TIGER-SLAPCAT-Tutina pigiamino gattino 0-3 mesi"|"0000000001"|"0000000000"
"0000000532"|"20170811"|"#35342"|"20170809"|"0000000004"|"RB3A018220"|"CHILDHOME-CHSBCKBA23-CESTO CONTENITORE LITTLE BASKET"|"0000000001"|"0000000000"
"0000000532"|"20170811"|"#35342"|"20170809"|"0000000005"|"RB3A018473"|"GLOBBER-IDD411-110-Monopattino My Free ad Asta fissa - Rosa"|"0000000001"|"0000000000"
"0000000532"|"20170811"|"#35326"|"20170809"|"0000000003"|"RB3A021053"|"I PLAY-IP-711150-660-43-Costumino Assorbente Mix'n Match Barriera Corallina-6- 12 Mesi"|"0000000001"|"0000000000"
"0000000532"|"20170811"|"#35326"|"20170809"|"0000000004"|"RB3A021048"|"I PLAY-IP-711159-202-43-Costumino Assorbente Mix'n Match Colibrì-6- 12 Mesi"|"0000000001"|"0000000000"
"0000000532"|"20170811"|"#35326"|"20170809"|"0000000005"|"RB3A019579"|"NOPPIES-75312_C165-Noppies Pantaloncini da Bagno Fishers Kids-122"|"0000000001"|"0000000000"
"0000000532"|"20170811"|"#35118E"|"20170809"|"0000000001"|"RB3A009706"|"HOBEA-4057257000655-Babbucce Principessa 30-36 Mesi"|"0000000001"|"0000000000"
"0000000532"|"20170811"|"#35293"|"20170808"|"0000000004"|"RB3A021135"|"BUGGYGEAR-BHRTHKRED-HEART SHAPED STROLLER HOOK - SILVER/RED"|"0000000001"|"0000000000"
"0000000532"|"20170811"|"#34984"|"20170803"|"0000000001"|"RB3A021135"|"BUGGYGEAR-BHRTHKRED-HEART SHAPED STROLLER HOOK - SILVER/RED"|"0000000001"|"0000000000"
"0000000532"|"20170811"|"#35009"|"20170803"|"0000000001"|"RB3A021135"|"BUGGYGEAR-BHRTHKRED-HEART SHAPED STROLLER HOOK - SILVER/RED"|"0000000001"|"0000000000"
"0000000532"|"20170811"|"#34739"|"20170730"|"0000000005"|"RB3A021135"|"BUGGYGEAR-BHRTHKRED-HEART SHAPED STROLLER HOOK - SILVER/RED"|"0000000001"|"0000000000"
"0000000532"|"20170811"|"#35361"|"20170810"|"0000000002"|"RB3A009908"|"A LITTLE LOVELY COMPANY-LTAP013-Lampada Mini Ananas Rosa"|"0000000001"|"0000000001"
"0000000532"|"20170811"|"#35403"|"20170810"|"0000000003"|"RB3A009313"|"ROCKETBABY-RBP15100302-Cesto per Passeggino Elefante Verde"|"0000000001"|"0000000001"
"0000000532"|"20170811"|"#35374"|"20170810"|"0000000004"|"RB3A021005"|"CUP CATCHER-CC08CL-Cordino salva Bottiglie e Gioco per la Dentizione 2 in 1 Corallo"|"0000000002"|"0000000002"
"0000000532"|"20170811"|"#35374"|"20170810"|"0000000006"|"RB3A009314"|"ROCKETBABY-RBP15100303-Cesto per Passeggino Riccio"|"0000000001"|"0000000001"
"0000000532"|"20170811"|"#35374"|"20170810"|"0000000003"|"RB3A021334"|"ANORAK-TB-BC-Borsa da Toeletta Grande Cagnolini"|"0000000001"|"0000000001"
"0000000532"|"20170811"|"#35374"|"20170810"|"0000000002"|"RB3A007738"|"COQ EN PATE-L13ESACRUKMBPIN-Sacca Pinguino"|"0000000001"|"0000000001"
"0000000532"|"20170811"|"#35389"|"20170810"|"0000000001"|"RB3A021127"|"KIDSME-160350_AQ-Food Feeder Medio - Acquamarina"|"0000000001"|"0000000000"
"0000000532"|"20170811"|"#35353"|"20170810"|"0000000007"|"RB3A020795"|"STEPHEN JOSEPH-SJ101113-Borraccia Morbida Apina"|"0000000001"|"0000000001"
"0000000532"|"20170811"|"#35353"|"20170810"|"0000000006"|"RB3A020802"|"STEPHEN JOSEPH-SJ101185-Borraccia Morbida Tigrotto"|"0000000001"|"0000000001"
"0000000532"|"20170811"|"#35353"|"20170810"|"0000000003"|"RB3A019531"|"FUNKY BOX-8718347900199-Scatola Graphite White Star"|"0000000001"|"0000000001"
"0000000532"|"20170811"|"#35353"|"20170810"|"0000000009"|"RB3A009313"|"ROCKETBABY-RBP15100302-Cesto per Passeggino Elefante Verde"|"0000000001"|"0000000001"
"0000000532"|"20170811"|"#35353"|"20170810"|"0000000011"|"RB3A020978"|"BUGGYGEAR-BGRPYMNKY-SMART PHONE HOLDER - MONKEY"|"0000000001"|"0000000001"
"0000000532"|"20170811"|"#35353"|"20170810"|"0000000005"|"RB3A013833"|"BLADEeROSE-5060257465668-Leggings Racing car 6-12m"|"0000000001"|"0000000001"
"0000000532"|"20170811"|"#35353"|"20170810"|"0000000004"|"RB3A013838"|"BLADEeROSE-5060257465866-Leggings Rainbow 6-12m"|"0000000001"|"0000000001"
"0000000532"|"20170811"|"#35353"|"20170810"|"0000000008"|"RB3A020800"|"STEPHEN JOSEPH-SJ101160-Borraccia Morbida Coccinella"|"0000000001"|"0000000001"
"0000000532"|"20170811"|"#35353"|"20170810"|"0000000001"|"RB3A018666"|"LOLLIPOPS AND MORE-2952349927662-Lollipops and More Pacifier Pop Rocks Clip Navajo"|"0000000001"|"0000000001"
"0000000532"|"20170811"|"#35395"|"20170810"|"0000000001"|"RB3A009313"|"ROCKETBABY-RBP15100302-Cesto per Passeggino Elefante Verde"|"0000000001"|"0000000001"
"0000000532"|"20170811"|"#35395"|"20170810"|"0000000004"|"RB3A019771"|"BIG MOUTH-BMBT-SB-Beach Blanket Strawberry 1.5m NEW"|"0000000001"|"0000000001"
"0000000532"|"20170811"|"#35395"|"20170810"|"0000000003"|"RB3A019658"|"FUNKIT WORLD-SSP-55-Funkit World Paletta per la Sabbia in Silicone Rosa"|"0000000001"|"0000000001"
"0000000532"|"20170811"|"#35393"|"20170810"|"0000000001"|"RB3A020902"|"BOON-B10035-CLUTCH CONTENITORE LAVASTOVIGLIE"|"0000000001"|"0000000001"
"0000000532"|"20170811"|"#35362"|"20170810"|"0000000003"|"RB3A020870"|"LA MILLOU PARENTS PRIDE-AW-PPE-ECR-Supporto Ergonomico per la Testa Pinguino Pepe"|"0000000001"|"0000000001"
"0000000532"|"20170811"|"#35362"|"20170810"|"0000000002"|"RB3A016476"|"ROCKETBABY-RBP16361-Cesto Passeggino Coniglio"|"0000000001"|"0000000001"
"0000000532"|"20170811"|"#35369"|"20170810"|"0000000003"|"RB3A021127"|"KIDSME-160350_AQ-Food Feeder Medio - Acquamarina"|"0000000001"|"0000000001"
"0000000532"|"20170811"|"#35369"|"20170810"|"0000000004"|"RB3A021134"|"KIDSME-9655-Accessorio per la Dentizione Ghiacciolo Moo Moo"|"0000000001"|"0000000001"
"0000000532"|"20170811"|"#35369"|"20170810"|"0000000001"|"RB3A021129"|"KIDSME-160361_AQ-Food Feeder Plus - Acquamarina"|"0000000001"|"0000000001"
"0000000532"|"20170811"|"#35369"|"20170810"|"0000000002"|"RB3A021125"|"KIDSME-160337_AQ-Food Feeder Grande - Acquamarina"|"0000000001"|"0000000001"
"0000000532"|"20170811"|"#35369"|"20170810"|"0000000005"|"RB3A021277"|"QAMELEO-LUS001F-Specchio Morbido Onde"|"0000000001"|"0000000001"
"0000000532"|"20170811"|"#35365"|"20170810"|"0000000003"|"RB3A017792"|"A LITTLE LOVELY COMPANY-LTMI057-Mini milk light Mint"|"0000000001"|"0000000001"
"0000000532"|"20170811"|"#35365"|"20170810"|"0000000002"|"RB3A009904"|"A LITTLE LOVELY COMPANY-LTCO027-Lampada Mini Cookie"|"0000000001"|"0000000001"
"0000000532"|"20170811"|"#35365"|"20170810"|"0000000004"|"RB3A010338"|"A LITTLE LOVELY COMPANY-GALE005-Striscione con Lettere Bianche"|"0000000001"|"0000000001"
"0000000532"|"20170811"|"#35401"|"20170810"|"0000000005"|"RB3A020889"|"KG DESIGN-100102-Set 2 Portagelato in Silicone Verde Acqua"|"0000000002"|"0000000002"
"0000000532"|"20170811"|"#35401"|"20170810"|"0000000003"|"RB3A018638"|"LITTLELIFE-L10820-Zaino Littlelife 1-3 anni Giraffa"|"0000000001"|"0000000001"
"0000000532"|"20170811"|"#35401"|"20170810"|"0000000001"|"RB3A018699"|"NEW BALANCE-NBKV574WTI-Scarpa New Balance Kids Lifestyle in Pelle Grigio/Azzurro-6"|"0000000001"|"0000000001"
"0000000532"|"20170811"|"#35401"|"20170810"|"0000000004"|"RB3A018639"|"LITTLELIFE-L10830-Zaino Littlelife 1-3 anni Dinosauro"|"0000000001"|"0000000001"
"0000000532"|"20170811"|"#35401"|"20170810"|"0000000002"|"RB3A021094"|"FREDS SWIM ACADEMY-10110-Ciambella Salvagente Rossa"|"0000000001"|"0000000001"
"0000000532"|"20170811"|"#35359"|"20170810"|"0000000002"|"RB3A007733"|"COQ EN PATE-L15SACRUKMBTOR-Sacca Tartaruga"|"0000000001"|"0000000001"
"0000000532"|"20170811"|"#35359"|"20170810"|"0000000003"|"RB3A011907"|"PLAY e GO-flamingo-Sacco Portagiochi Flamingo"|"0000000001"|"0000000001"
"0000000532"|"20170811"|"#35359"|"20170810"|"0000000001"|"RB3A014891"|"ROCKETBABY-RBP16333-Scatola Portagiochi Flamingo"|"0000000002"|"0000000002"
"0000000532"|"20170811"|"#35035A"|"20170810"|"0000000003"|"RB3A021327"|"FOLLOW KIDS-8058333230009_ROSA-Bracciale GPS Rosa"|"0000000001"|"0000000001"
"0000000532"|"20170811"|"#35035A"|"20170810"|"0000000001"|"RB3A020265"|"DAIKOS-SQD217TU60-Pinna da Squalo Rosa"|"0000000001"|"0000000001"
"0000000532"|"20170811"|"#34451A"|"20170809"|"0000000008"|"RB3A018166"|"ELODIE DETAILS-103448-BAVAGLINO BANDANA PRETTY PETROL"|"0000000001"|"0000000001"
"0000000532"|"20170811"|"#34451A"|"20170809"|"0000000013"|"RB3A021079"|"WE MIGHT BE TINY-WB-BC-006-Tovaglietta in Silicone Gatto Azzurro"|"0000000001"|"0000000001"
"0000000532"|"20170811"|"#34451A"|"20170809"|"0000000002"|"RB3A010477"|"KUK-FF118-06-Pigiama con piedini Volpe Blu 3-6 mesi"|"0000000001"|"0000000001"
"0000000532"|"20170811"|"#34451A"|"20170809"|"0000000006"|"RB3A011137"|"ROCKETBABY-RBP16306-Cesto Contenitore ZigZag Verde"|"0000000002"|"0000000002"
"0000000532"|"20170811"|"#35351"|"20170809"|"0000000003"|"RB3A020512"|"MIAMI KIDS-DJ0670-1-Sneakers Soft Sole Righe Bianche e Rosse-0-6 Mesi"|"0000000001"|"0000000001"
"0000000532"|"20170811"|"#35351"|"20170809"|"0000000004"|"RB3A009313"|"ROCKETBABY-RBP15100302-Cesto per Passeggino Elefante Verde"|"0000000001"|"0000000001"
"0000000532"|"20170811"|"#35342"|"20170809"|"0000000003"|"RB3A016484"|"A LITTLE LOVELY COMPANY-neon07-Luce Al Neon Love Rosa"|"0000000001"|"0000000001"
"0000000532"|"20170811"|"#35342"|"20170809"|"0000000001"|"RB3A015103"|"JELLY CAT-BAS3BW-The Magic Bunny Pelouche"|"0000000001"|"0000000001"
"0000000532"|"20170811"|"#35342"|"20170809"|"0000000002"|"RB3A015102"|"JELLY CAT-BK4MB-The Magic Bunny Book"|"0000000001"|"0000000001"
"0000000532"|"20170811"|"#35326"|"20170809"|"0000000001"|"RB3A009037"|"TYRRELL KATZ-Asciugamano dinosauri"|"0000000001"|"0000000001"
"0000000532"|"20170811"|"#35326"|"20170809"|"0000000002"|"RB3A009041"|"TYRRELL KATZ-Asciugamano elefanti"|"0000000001"|"0000000001"
"0000000532"|"20170811"|"#35326"|"20170809"|"0000000006"|"RB3A008455"|"BEATRIX NY-BEA0003.PE-Zaino piccolo Polipo Penelope"|"0000000001"|"0000000001"
"0000000532"|"20170811"|"#35118E"|"20170809"|"0000000001"|"RB3A008981"|"TYRRELL KATZ-Posate giardino segreto"|"0000000001"|"0000000001"
"0000000532"|"20170811"|"#35287"|"20170808"|"0000000001"|"RB3A020267"|"DAIKOS-SQD217TU45-Pinna da Squalo Arancione"|"0000000001"|"0000000000"
"0000000532"|"20170811"|"#35293"|"20170808"|"0000000002"|"RB3A019769"|"BIG MOUTH-BMBT-CS-Beach Blanket Cookie 1.5m NEW"|"0000000001"|"0000000001"
"0000000532"|"20170811"|"#35293"|"20170808"|"0000000007"|"RB3A014024"|"NIKE-454478-PICO 4 (TDV) ROSA 6C-EU22"|"0000000001"|"0000000001"
"0000000532"|"20170811"|"#35293"|"20170808"|"0000000005"|"RB3A021191"|"LA MILLOU PARENTS PRIDE-HAT-G-BP-Cappellino da Sole Blue Pinapple"|"0000000001"|"0000000001"
"0000000532"|"20170811"|"#35293"|"20170808"|"0000000006"|"RB3A020691"|"MIAMI KIDS-CC00745-Set Magliette Maniche Lunghe e Pantaloncini I love Milk-24 Mesi"|"0000000001"|"0000000001"
"0000000532"|"20170811"|"#35293"|"20170808"|"0000000003"|"RB3A019669"|"BUBBLEGUM STUFF-12435-Bubblegum Stuff Gentleman Baby Bottle Champagne Flute"|"0000000001"|"0000000001"
"0000000532"|"20170811"|"#35164"|"20170806"|"0000000001"|"RB3A019601"|"BABY ELEPHANT EARS-1038-Baby Elephant Ears Cuscino Ergonomico Amici del Bosco"|"0000000001"|"0000000000"
"0000000532"|"20170811"|"#34984"|"20170803"|"0000000003"|"RB3A021186"|"LA MILLOU PARENTS PRIDE-HAT-G-PPE-Cappellino da Sole Pinguino Pepe"|"0000000002"|"0000000002"
"0000000532"|"20170811"|"#35009"|"20170803"|"0000000002"|"RB3A016475"|"ROCKETBABY-RBP16360-Cesto Passeggino Narvalo"|"0000000001"|"0000000001"
"0000000532"|"20170811"|"#34739"|"20170730"|"0000000001"|"RB3A012457"|"VULLI-616324-Sophie la giraffa"|"0000000001"|"0000000001"
"0000000532"|"20170811"|"#34739"|"20170730"|"0000000004"|"RB3A015102"|"JELLY CAT-BK4MB-The Magic Bunny Book"|"0000000001"|"0000000001"
"0000000532"|"20170811"|"#34739"|"20170730"|"0000000003"|"RB3A015086"|"JELLY CAT-BK4MM-My Mum and Me Book"|"0000000001"|"0000000001"
"0000000532"|"20170811"|"#34739"|"20170730"|"0000000002"|"RB3A015092"|"JELLY CAT-BK4UUK-Unicorn Dreams Book"|"0000000001"|"0000000001"
"0000000532"|"20170811"|"#35396"|"20170810"|"0000000001"|"RB3A018697"|"NEW BALANCE-NBKV574WTI-Scarpa New Balance Kids Lifestyle in Pelle Grigio/Azzurro-4"|"0000000001"|"0000000001"
"0000000532"|"20170811"|"#35384"|"20170810"|"0000000001"|"RB3A011622"|"BIG MOUTH-BMPFBS-Ciambellone gonfiabile XXL Cigno nero"|"0000000001"|"0000000001"
"0000000532"|"20170811"|"#35373"|"20170810"|"0000000002"|"RB3A018701"|"NEW BALANCE-NBKV574WTI-Scarpa New Balance Kids Lifestyle in Pelle Grigio/Azzurro-8"|"0000000001"|"0000000001"
"0000000532"|"20170811"|"#35373"|"20170810"|"0000000001"|"RB3A012607"|"ROCKETBABY-RBP16317-Lampada Ancora Gialla"|"0000000001"|"0000000001"
"0000000532"|"20170811"|"#35397"|"20170810"|"0000000001"|"RB3A020875"|"LA MILLOU PARENTS PRIDE-PIG-LM-NV-Cuscino Porcellino La Mobile"|"0000000001"|"0000000001"
"0000000532"|"20170811"|"#35355"|"20170810"|"0000000001"|"RB3A018396"|"A LITTLE LOVELY COMPANY-CUBA011-Cuscinetto Pipistrello"|"0000000001"|"0000000001"
"0000000532"|"20170811"|"#35355"|"20170810"|"0000000002"|"RB3A017792"|"A LITTLE LOVELY COMPANY-LTMI057-Mini milk light Mint"|"0000000001"|"0000000001"
"0000000532"|"20170811"|"#35355"|"20170810"|"0000000003"|"RB3A009947"|"A LITTLE LOVELY COMPANY-WHPI007-Appendini da Muro: Gelati Fragola e Menta"|"0000000001"|"0000000001"
"0000000532"|"20170811"|"#35367"|"20170810"|"0000000001"|"RB3A018640"|"LITTLELIFE-L10880-Zaino Littlelife 1-3 anni Coccodrillo"|"0000000001"|"0000000001"
"0000000532"|"20170811"|"#35356"|"20170810"|"0000000001"|"RB3A019639"|"I PLAY-721054-816-45-Iplay Costumino Pannolino Contenitivo Mix'n Match Grigio-24 mesi"|"0000000001"|"0000000001"
"0000000532"|"20170811"|"#35366"|"20170810"|"0000000001"|"RB3A021006"|"CUP CATCHER-CC11LG-Cordino salva Bottiglie e Gioco per la Dentizione 2 in 1 Verde"|"0000000001"|"0000000001"
"0000000532"|"20170811"|"#35386"|"20170810"|"0000000005"|"RB3A008947"|"TYRRELL KATZ-Piatto Giungla"|"0000000001"|"0000000001"
"0000000532"|"20170811"|"#35386"|"20170810"|"0000000007"|"RB3A019887"|"SKIP HOP-252051-Tovaglietta Pappa in Silicone - SCIMMIA"|"0000000001"|"0000000001"
"0000000532"|"20170811"|"#35386"|"20170810"|"0000000001"|"RB3A008979"|"TYRRELL KATZ-Posate Giungla"|"0000000001"|"0000000001"
"0000000532"|"20170811"|"#35386"|"20170810"|"0000000003"|"RB3A008955"|"TYRRELL KATZ-Bicchiere trasparente Giungla"|"0000000001"|"0000000001"
"0000000532"|"20170811"|"#35386"|"20170810"|"0000000002"|"RB3A012513"|"BLOOMINGVILLE-21100631-Bicchierino Marius"|"0000000001"|"0000000001"
"0000000532"|"20170811"|"#35386"|"20170810"|"0000000004"|"RB3A012858"|"BUDDY AND BEAR-BBTW029-Bicchierino orsetto"|"0000000002"|"0000000002"
"0000000532"|"20170811"|"#35386"|"20170810"|"0000000006"|"RB3A008938"|"TYRRELL KATZ-Ciotola Giungla"|"0000000001"|"0000000001"
"0000000532"|"20170811"|"#35399"|"20170810"|"0000000002"|"RB3A019874"|"SKIP HOP-252332-Bottiglia da Viaggio con cannuccia-UNICORNO"|"0000000001"|"0000000001"
"0000000532"|"20170811"|"#35399"|"20170810"|"0000000001"|"RB3A009314"|"ROCKETBABY-RBP15100303-Cesto per Passeggino Riccio"|"0000000001"|"0000000001"
"0000000532"|"20170811"|"#35383"|"20170810"|"0000000001"|"RB3A021189"|"LA MILLOU PARENTS PRIDE-HEN-ECR-WER-Cuscino Chioccia Wolfie Rain"|"0000000001"|"0000000001"
"0000000532"|"20170811"|"#35380"|"20170810"|"0000000002"|"RB3A009313"|"ROCKETBABY-RBP15100302-Cesto per Passeggino Elefante Verde"|"0000000002"|"0000000002"
"0000000532"|"20170811"|"#35380"|"20170810"|"0000000001"|"RB3A016476"|"ROCKETBABY-RBP16361-Cesto Passeggino Coniglio"|"0000000001"|"0000000001"
"0000000532"|"20170811"|"#35404"|"20170810"|"0000000001"|"RB3A019975"|"BABY BANANA BRUSH-BR003-BBBT infant (handled) toothbrush"|"0000000001"|"0000000001"
"0000000532"|"20170811"|"#35387"|"20170810"|"0000000001"|"RB3A021010"|"MOUTHIE MITTEN-MM01G-EU-Guantino Massaggia Gengive per la Dentizione Verde"|"0000000001"|"0000000001"
"0000000532"|"20170811"|"#35368"|"20170810"|"0000000001"|"RB3A011909"|"KANGA CARE-KC-KRRUMPSOS-P125-Pannolino Rumparooz Limited Edition TokiCorno"|"0000000001"|"0000000001"
"0000000532"|"20170811"|"#35368"|"20170810"|"0000000003"|"RB3A021134"|"KIDSME-9655-Accessorio per la Dentizione Ghiacciolo Moo Moo"|"0000000001"|"0000000001"
"0000000532"|"20170811"|"#35368"|"20170810"|"0000000004"|"RB3A021094"|"FREDS SWIM ACADEMY-10110-Ciambella Salvagente Rossa"|"0000000001"|"0000000001"
"0000000532"|"20170811"|"#35368"|"20170810"|"0000000002"|"RB3A012377"|"THE MAGIC DOOR STORE-0700461482406-My Elf Door Red"|"0000000001"|"0000000001"
"0000000532"|"20170811"|"#35405"|"20170810"|"0000000001"|"RB3A021120"|"TOMY-LCE72378-Gioco per Bagnetto Coni Gelato"|"0000000001"|"0000000001"
"0000000532"|"20170811"|"#35372"|"20170810"|"0000000001"|"RB3A021296"|"ANORAK-PP-HH-Portaposate da Picnic Ricci"|"0000000001"|"0000000001"
"0000000532"|"20170811"|"#35392"|"20170810"|"0000000002"|"RB3A020548"|"MIAMI KIDS-1925_PINK-Babbucce Soft Sole Balena Rosa-0-6 Mesi"|"0000000001"|"0000000001"
"0000000532"|"20170811"|"#35392"|"20170810"|"0000000001"|"RB2000GS--LS-CO"|"SNURK-Lenzuolo/Copripiumino 140 x 220 +1 Federa-Copripiumino Ballerina"|"0000000001"|"0000000001"
"0000000532"|"20170811"|"#35360"|"20170810"|"0000000003"|"RB3A020564"|"MIAMI KIDS-2DTZ9300-Tutina 2 Pezzi a Righe Grigio Antracite-24 Mesi"|"0000000001"|"0000000001"
"0000000532"|"20170811"|"#35360"|"20170810"|"0000000001"|"RB3A011311"|"KANGA CARE-KC-C4025SP-Pannolino Rumparooz Quinn"|"0000000001"|"0000000001"
"0000000532"|"20170811"|"#35360"|"20170810"|"0000000002"|"RB3A021006"|"CUP CATCHER-CC11LG-Cordino salva Bottiglie e Gioco per la Dentizione 2 in 1 Verde"|"0000000001"|"0000000001"
"0000000532"|"20170811"|"#35370"|"20170810"|"0000000001"|"RB3A014096"|"NIKE-454501-PICO 4 (TDV) NERA 4C-EU19.5"|"0000000001"|"0000000001"
"0000000532"|"20170811"|"#35371"|"20170810"|"0000000001"|"RB3A019771"|"BIG MOUTH-BMBT-SB-Beach Blanket Strawberry 1.5m NEW"|"0000000001"|"0000000001"
"0000000532"|"20170811"|"#35382"|"20170810"|"0000000002"|"RB3A009954"|"A LITTLE LOVELY COMPANY-WHST003-Appendini da Muro: Stelle"|"0000000001"|"0000000001"
"0000000532"|"20170811"|"#35382"|"20170810"|"0000000005"|"RB3A016481"|"A LITTLE LOVELY COMPANY-neon04-Luce Al Neon Nuvola Blu"|"0000000001"|"0000000001"
"0000000532"|"20170811"|"#35382"|"20170810"|"0000000001"|"RB3A018391"|"A LITTLE LOVELY COMPANY-LTST050-Lucine LED Colorate Stelline Gialle"|"0000000001"|"0000000001"
"0000000532"|"20170811"|"#35382"|"20170810"|"0000000003"|"RB3A011006"|"A LITTLE LOVELY COMPANY-DHSM003-Appendiporta Stars e Moon"|"0000000001"|"0000000001"
"0000000532"|"20170811"|"#35382"|"20170810"|"0000000004"|"RB3A016484"|"A LITTLE LOVELY COMPANY-neon07-Luce Al Neon Love Rosa"|"0000000001"|"0000000001"
"0000000532"|"20170811"|"#35382"|"20170810"|"0000000006"|"RB3A012292"|"A LITTLE LOVELY COMPANY-LTBW032-Box Lampada A4 Lightbox per scritte Bianca"|"0000000001"|"0000000001"
"0000000532"|"20170811"|"#35385"|"20170810"|"0000000002"|"RB3A008448"|"BEATRIX NY-BEA0003.DP-Zaino piccolo Gelato Dolce e Panna"|"0000000001"|"0000000001"
"0000000532"|"20170811"|"#35385"|"20170810"|"0000000001"|"RB3A008434"|"BEATRIX NY-BEA0004.DP-Lunch Box Gelato Dolce e Panna"|"0000000001"|"0000000001"
"0000000532"|"20170811"|"#35388"|"20170810"|"0000000001"|"RB3A009910"|"A LITTLE LOVELY COMPANY-LTIP015-Lampada Mini Gelato Fragola"|"0000000001"|"0000000001"
"0000000532"|"20170811"|"#35379"|"20170810"|"0000000001"|"RB2000Z3"|"Play e go-DIAMOND_PINK-Sacco Portagiochi a Quadretti Bianco e Rosa"|"0000000001"|"0000000001"
"0000000532"|"20170811"|"#35379"|"20170810"|"0000000002"|"RB3A015440"|"LITTLE BIRD TOLD ME-LB3026-Softly Snail Rocking Animal"|"0000000001"|"0000000001"
"0000000532"|"20170811"|"#35400"|"20170810"|"0000000001"|"RB3A019961"|"MIAMI KIDS-S15901A-NAVYBLUE-Sneaker Slip on Baby Blu Navy-23"|"0000000001"|"0000000001"
"0000000532"|"20170811"|"#35400"|"20170810"|"0000000002"|"RB3A019937"|"MIAMI KIDS-S15901A-YELLOW-Sneaker Slip on Baby Giallo-23"|"0000000001"|"0000000001"
"0000000532"|"20170811"|"#35358"|"20170810"|"0000000001"|"RB3A009313"|"ROCKETBABY-RBP15100302-Cesto per Passeggino Elefante Verde"|"0000000001"|"0000000001"
"0000000532"|"20170811"|"#35394"|"20170810"|"0000000002"|"RB3A020970"|"KISKISE-KK_SNS611-Seggiolone da Borsetta Multicolor"|"0000000001"|"0000000001"
"0000000532"|"20170811"|"#35394"|"20170810"|"0000000001"|"RB3A017395"|"LITECUP-5060168240804-Bicchierone Che Si Illumina Rosa"|"0000000001"|"0000000001"
"0000000532"|"20170811"|"#35378"|"20170810"|"0000000001"|"RB3A018147"|"ELODIE DETAILS-103150-CORDINO CIUCCIO POWDER PINK"|"0000000001"|"0000000001"
"0000000532"|"20170811"|"#35354"|"20170810"|"0000000001"|"RB3A018639"|"LITTLELIFE-L10830-Zaino Littlelife 1-3 anni Dinosauro"|"0000000001"|"0000000001"
"0000000532"|"20170811"|"#35377"|"20170810"|"0000000002"|"RB3A018190"|"ELODIE DETAILS-103484_M-CAPPELLINO PER IL SOLE PRECIOUS PREPPY-1-2 Anni"|"0000000001"|"0000000001"
"0000000532"|"20170811"|"#35377"|"20170810"|"0000000001"|"RB3A018182"|"ELODIE DETAILS-103476_M-CAPPELLINO PER IL SOLE PRETTY PETROL-1-2 Anni"|"0000000001"|"0000000001"
"0000000532"|"20170811"|"#35390"|"20170810"|"0000000001"|"RB3A017731"|"BLOOMING BATH-004019-Vasca A Fiore Per Il Bagnetto Fucsia"|"0000000001"|"0000000001"
"0000000532"|"20170811"|"#35375"|"20170810"|"0000000001"|"RB3A018168"|"ELODIE DETAILS-103450-BAVAGLINO BANDANA POWDER PINK"|"0000000001"|"0000000001"
"0000000532"|"20170811"|"#35375"|"20170810"|"0000000003"|"RB3A009852"|"ELODIE DETAILS-103444-Bavaglino Bandana Zebra Sunshine"|"0000000001"|"0000000001"
"0000000532"|"20170811"|"#35375"|"20170810"|"0000000002"|"RB3A018166"|"ELODIE DETAILS-103448-BAVAGLINO BANDANA PRETTY PETROL"|"0000000001"|"0000000001"
"0000000532"|"20170811"|"#35381"|"20170810"|"0000000001"|"RB3A016483"|"A LITTLE LOVELY COMPANY-neon06-Luce Al Neon Fulmine Giallo"|"0000000001"|"0000000001"
"0000000532"|"20170811"|"#35376"|"20170810"|"0000000001"|"RB3A020870"|"LA MILLOU PARENTS PRIDE-AW-PPE-ECR-Supporto Ergonomico per la Testa Pinguino Pepe"|"0000000001"|"0000000001"
"0000000532"|"20170811"|"#35376"|"20170810"|"0000000002"|"RB3A020874"|"LA MILLOU PARENTS PRIDE-PIG-HL-RY-Cuscino Porcellino Hello Llamas"|"0000000001"|"0000000001"
"0000000532"|"20170811"|"#35391"|"20170810"|"0000000001"|"RB3A021327"|"FOLLOW KIDS-8058333230009_ROSA-Bracciale GPS Rosa"|"0000000001"|"0000000001"
"0000000532"|"20170811"|"#35391"|"20170810"|"0000000002"|"RB3A020714"|"ROCKETBABY-RBP16376-Set 6 Swaddle Clips Gradazione Rosa per Passeggino e Culla"|"0000000001"|"0000000001"
"0000000532"|"20170811"|"#35364"|"20170810"|"0000000003"|"RB3A014896"|"ROCKETBABY-RBP16338-Scatola Portagiochi Elefante"|"0000000001"|"0000000001"
"0000000532"|"20170811"|"#35364"|"20170810"|"0000000002"|"RB3A014893"|"ROCKETBABY-RBP16335-Scatola Portagiochi Leone"|"0000000001"|"0000000001"
"0000000532"|"20170811"|"#35364"|"20170810"|"0000000001"|"RB3A014892"|"ROCKETBABY-RBP16334-Scatola Portagiochi Zebra"|"0000000001"|"0000000001"
"0000000532"|"20170811"|"#35364"|"20170810"|"0000000004"|"RB3A014894"|"ROCKETBABY-RBP16336-Scatola Portagiochi Balena"|"0000000001"|"0000000001"
"0000000532"|"20170811"|"#34382A"|"20170810"|"0000000001"|"RB3A009312"|"ROCKETBABY-RBP15100301-Cesto per Passeggino Camaleonte"|"0000000001"|"0000000001"
"0000000532"|"20170811"|"#34382A"|"20170810"|"0000000004"|"RB3A021094"|"FREDS SWIM ACADEMY-10110-Ciambella Salvagente Rossa"|"0000000001"|"0000000001"
"0000000532"|"20170811"|"#34382A"|"20170810"|"0000000003"|"RB3A021005"|"CUP CATCHER-CC08CL-Cordino salva Bottiglie e Gioco per la Dentizione 2 in 1 Corallo"|"0000000001"|"0000000001"
"0000000532"|"20170811"|"#34382A"|"20170810"|"0000000002"|"RB3A021134"|"KIDSME-9655-Accessorio per la Dentizione Ghiacciolo Moo Moo"|"0000000001"|"0000000001"
"0000000532"|"20170811"|"#34879A"|"20170810"|"0000000001"|"RB3A009312"|"ROCKETBABY-RBP15100301-Cesto per Passeggino Camaleonte"|"0000000001"|"0000000001"
"0000000532"|"20170811"|"#34685A"|"20170810"|"0000000002"|"RB3A021124"|"KIDSME-160337_LA-Food Feeder Grande - Lavanda"|"0000000001"|"0000000001"
"0000000532"|"20170811"|"#34685A"|"20170810"|"0000000001"|"RB3A020708"|"ROCKETBABY-RBP16370-Set 2 Swaddle 60 x 70 cm Montagna e Baby Panda"|"0000000001"|"0000000001"
"0000000532"|"20170811"|"#34881A"|"20170810"|"0000000001"|"RB3A019670"|"BUBBLEGUM STUFF-13591-Bubblegum Stuff Rocket Baby Bottle"|"0000000001"|"0000000001"
"0000000532"|"20170811"|"#34420A"|"20170810"|"0000000002"|"RB3A020243"|"NUOTA CON FLIPPER-2000994052083-CELESTE-Ciambella Collo Azzurra"|"0000000001"|"0000000001"
"0000000532"|"20170811"|"#34497A"|"20170810"|"0000000001"|"RB3A021201"|"STICKY BELLIES-362-Adesivi Hello Baby"|"0000000001"|"0000000001"
"0000000532"|"20170811"|"#34497A"|"20170810"|"0000000002"|"RB3A021203"|"STICKY BELLIES-344-Calendario a Cubotti Blu"|"0000000001"|"0000000001"
"0000000532"|"20170811"|"#34849A"|"20170810"|"0000000001"|"RB3A018147"|"ELODIE DETAILS-103150-CORDINO CIUCCIO POWDER PINK"|"0000000001"|"0000000001"
"0000000532"|"20170811"|"#34849A"|"20170810"|"0000000002"|"RB3A009314"|"ROCKETBABY-RBP15100303-Cesto per Passeggino Riccio"|"0000000001"|"0000000001"
"0000000532"|"20170811"|"#34841A"|"20170810"|"0000000006"|"RB3A019656"|"FUNKIT WORLD-SSP-53-Funkit World Paletta per la Sabbia in Silicone Viola"|"0000000001"|"0000000001"
"0000000532"|"20170811"|"#34841A"|"20170810"|"0000000002"|"RB3A008892"|"TYRRELL KATZ-Borraccia dinosauri"|"0000000001"|"0000000001"
"0000000532"|"20170811"|"#34841A"|"20170810"|"0000000001"|"RB3A008904"|"TYRRELL KATZ-Lunch Box dinosauri"|"0000000001"|"0000000001"
"0000000532"|"20170811"|"#34841A"|"20170810"|"0000000004"|"RB3A019653"|"FUNKIT WORLD-SBU-06-Funkit World Secchiello da Spiaggia in Silicone Viola"|"0000000001"|"0000000001"
"0000000532"|"20170811"|"#34841A"|"20170810"|"0000000007"|"RB3A019657"|"FUNKIT WORLD-SSP-54-Funkit World Paletta per la Sabbia in Silicone Verde Lime"|"0000000001"|"0000000001"
"0000000532"|"20170811"|"#34855A"|"20170810"|"0000000003"|"RB3A008357"|"ENGEL-06.01-Pom Pom Rouge Large"|"0000000002"|"0000000002"
"0000000532"|"20170811"|"#34855A"|"20170810"|"0000000002"|"RB3A010333"|"A LITTLE LOVELY COMPANY-TGGE004-Ghirlanda Decorativa Pastel"|"0000000001"|"0000000001"
"0000000532"|"20170811"|"#34478A"|"20170810"|"0000000001"|"RB3A021125"|"KIDSME-160337_AQ-Food Feeder Grande - Acquamarina"|"0000000001"|"0000000001"
"0000000532"|"20170811"|"#34560A"|"20170810"|"0000000002"|"RB3A010101"|"ELODIE DETAILS-103148-Cordoncino Ciuccio - Acchiappasogni"|"0000000001"|"0000000001"
"0000000532"|"20170811"|"#34560A"|"20170810"|"0000000001"|"RB3A021134"|"KIDSME-9655-Accessorio per la Dentizione Ghiacciolo Moo Moo"|"0000000001"|"0000000001"
"0000000532"|"20170811"|"#34560A"|"20170810"|"0000000003"|"RB3A009314"|"ROCKETBABY-RBP15100303-Cesto per Passeggino Riccio"|"0000000001"|"0000000001"
"0000000532"|"20170811"|"#34521A"|"20170810"|"0000000002"|"RB3A021126"|"KIDSME-160350_LA-Food Feeder Medio - Lavanda"|"0000000001"|"0000000001"
"0000000532"|"20170811"|"#34521A"|"20170810"|"0000000001"|"RB3A021094"|"FREDS SWIM ACADEMY-10110-Ciambella Salvagente Rossa"|"0000000001"|"0000000001"
"0000000532"|"20170811"|"#35215B"|"20170810"|"0000000001"|"RB3A020078"|"IGOR SHOES-S10107-073-Sandali da Spiaggia Tenis Fucsia-22"|"0000000001"|"0000000001"
"0000000532"|"20170811"|"#35215B"|"20170810"|"0000000002"|"RB3A020821"|"CHARLIE BANANA-889522-Costumino Pannolino e Mutandina Trainer 2 in 1 Lovey Dovey-L"|"0000000001"|"0000000001"
"0000000532"|"20170811"|"#33538B"|"20170810"|"0000000002"|"RB3A020001"|"IGOR SHOES-S10108-017-Sandali da Spiaggia Cholo Grigio-22"|"0000000001"|"0000000001"
"0000000532"|"20170811"|"#33538B"|"20170810"|"0000000001"|"RB3A011341"|"SUPERGA-S001FJ0 02Y 22-Sneaker Bambino/a Azzurro Marino 22"|"0000000001"|"0000000001"
"0000000532"|"20170811"|"#34981E"|"20170809"|"0000000001"|"RB3A011032"|"UP WARSAW-Biplane Shelf dashy mint green-Mensola Biplano Verde menta"|"0000000001"|"0000000001"
"0000000532"|"20170811"|"#35230"|"20170807"|"0000000001"|"RB3A021060"|"ZOLI-ZL-KS12RFME01-Ciondolo catarifrangente di sicurezza Poppy"|"0000000001"|"0000000001"
"0000000532"|"20170811"|"#35230"|"20170807"|"0000000002"|"RB3A020970"|"KISKISE-KK_SNS611-Seggiolone da Borsetta Multicolor"|"0000000001"|"0000000001"
"0000000532"|"20170811"|"#35073"|"20170806"|"0000000001"|"RB3A020978"|"BUGGYGEAR-BGRPYMNKY-SMART PHONE HOLDER - MONKEY"|"0000000001"|"0000000001"
"0000000532"|"20170811"|"#35073"|"20170806"|"0000000002"|"RB3A019601"|"BABY ELEPHANT EARS-1038-Baby Elephant Ears Cuscino Ergonomico Amici del Bosco"|"0000000001"|"0000000001"
"0000000532"|"20170811"|"#35073"|"20170806"|"0000000003"|"RB3A018232"|"CHILDHOME-CWMBBBL-BORSA FASCIATOIO MAMMY BAG NERA"|"0000000001"|"0000000001"
"0000000532"|"20170811"|"#35073"|"20170806"|"0000000004"|"RB3A009314"|"ROCKETBABY-RBP15100303-Cesto per Passeggino Riccio"|"0000000001"|"0000000001"
"0000000532"|"20170811"|"#35083"|"20170806"|"0000000001"|"RB3A020267"|"DAIKOS-SQD217TU45-Pinna da Squalo Arancione"|"0000000002"|"0000000002"
"0000000532"|"20170811"|"#34703"|"20170730"|"0000000001"|"RB3A018196"|"ELODIE DETAILS-103785-MATERASSINO DA PASSEGGINO GRAPHIC DEVOTION"|"0000000001"|"0000000001"
"0000000532"|"20170811"|"#33075"|"20170704"|"0000000001"|"RB3A009849"|"ELODIE DETAILS-103443-Bavaglino Bandana Murble Grey"|"0000000001"|"0000000001"
